Daily Time Spent on Site,Age,Area Income,Daily Internet Usage,Clicked on Ad
69.96714153011233,57,58760.28322442716,165.67215705824876,1
63.61735698828815,28,47564.74620512456,201.7187106335905,1
71.47688538100692,20,41004.892415614435,232.2274170183398,1
80.23029856408026,23,59130.24078851649,245.78558952084984,0
62.658466252766644,26,53274.29671419177,178.3808098450415,0
62.6586304305082,23,90150.13933950002,215.8649390543906,1
80.79212815507391,26,86547.93631015449,204.52610639832602,1
72.67434729152909,56,44484.40758114603,196.46377806255214,1
60.30525614065048,48,49338.59844676232,210.6800788767508,0
70.42560043585965,49,61106.55161830329,206.53992231998413,1
60.365823071875376,58,80958.39633838144,216.24222706617763,0
60.34270246429743,29,60855.19704556577,243.25150282850157,0
67.41962271566034,25,50291.3904301793,223.523827725941,1
45.86719755342202,25,59116.77285145913,209.31773776618107,1
47.75082167486967,45,50572.7270415593,255.93875170469238,0
59.37712470759027,37,69037.15814159223,233.29788787641007,0
54.87168879665576,24,49364.49432502942,197.22804684189956,0
68.14247332595274,28,52343.459213595495,163.48638792941284,0
55.91975924478789,37,77429.00720184145,170.36507957238604,1
50.87696298664709,33,48474.52579028892,227.996973449469,1
79.65648768921554,21,38308.07951159756,181.09062562241056,0
62.74223699513465,23,61424.90627034457,169.75833568664154,1
65.67528204687923,39,54592.89893693106,177.257440199384,1
50.75251813786544,43,67671.2325139493,179.378470637279,1
59.556172754748175,20,64762.079020966354,225.51943003346753,0
66.10922589709867,58,59521.22258034957,195.29773772653172,1
53.490064225776976,59,59084.34861795006,158.8287619910178,0
68.75698018345672,31,48962.123260157474,200.9313469328707,0
58.99361310081195,28,61250.206064898644,206.66798397344726,0
62.083062502067236,35,73219.27172149153,185.61989415677445,0
58.98293387770603,29,45398.29887900786,234.676552525781,0
83.52278184508938,40,59919.039354576984,187.37183342923146,0
64.86502775262066,29,75575.83133601918,233.25013059911453,0
54.422890710440996,30,67581.36139825049,217.90348339024928,1
73.22544912103189,42,79642.09344526069,227.7981652413322,1
52.791563500289776,36,51477.86505248498,167.04347477580816,0
67.08863595004756,53,32538.47327407701,202.94930576714307,1
45.403298761202244,25,63009.777059335305,198.41515986275692,1
51.71813951101569,46,65438.562225397276,157.339804252774,1
66.96861235869123,49,80526.32931709013,233.15182189408728,0
72.3846657999541,35,77822.18602060476,175.4779730927795,1
66.7136828118997,23,68051.15434518692,181.71296513492052,1
63.843517176117594,35,71480.85321255651,169.60052493206823,1
61.98896304410711,36,57122.67812690041,221.0355897821112,0
50.214780096325725,39,41713.28083021175,154.2221084368221,1
57.801557916052914,54,61765.818260713655,218.53624401393705,1
60.393612290402125,49,74738.60195441666,231.33541958730382,1
75.57122226218915,58,69845.41304742823,216.1153528287728,0
68.43618289568461,20,72507.11008739047,221.37885451539287,0
47.36959844637266,45,53583.66469429872,222.78639408734128,1
68.24083969394795,27,56016.79742972364,171.51727019822707,1
61.149177195836835,52,67251.38232171905,243.04204938993033,0
58.23077999694041,46,51802.38908236868,186.19771237599505,1
71.11676288840867,32,52264.243951004966,198.00837147230084,0
75.30999522495951,50,64469.73354566177,190.02088044947124,1
74.31280119116198,24,71413.57114735362,214.7462636263193,1
56.607824767773614,29,57007.069900058865,183.85888270587733,1
61.907876241487855,47,42552.15808419541,202.00747172712107,1
68.31263431403563,38,48962.94127435755,162.93968548561986,0
74.75545127122359,48,63055.08127339647,234.93995625504715,1
60.2082576215471,41,62872.81445798947,220.1222283785061,0
63.14341023336183,37,63618.57206483022,191.23220714294692,1
53.93665025993972,54,67819.42935893635,185.92552909922568,1
53.037933759193294,21,60087.15837813675,219.3388473895309,1
73.12525822394198,45,63975.84067260468,178.78119858092114,0
78.56240028570824,37,59324.597657567,203.76095947295508,1
64.27989878419666,41,77231.00224394159,234.8419636229422,0
75.03532897892023,49,81485.13046826253,175.66228642588422,0
68.61636025047635,58,42164.830764299484,211.0580248736061,1
58.54880245394876,53,56171.2208684662,209.47175800806477,0
68.61395605508415,51,60490.86737311061,197.07989544011951,1
80.38036566465969,53,55996.279319785186,184.8863124768819,0
64.64173960890048,19,86893.8388699631,236.44391170683156,0
80.64643655814007,32,63359.32917134602,182.072940926991,1
38.80254895910255,51,47919.42259424484,145.6388329661114,1
73.21902504375224,53,68946.63509341006,219.21600774893102,0
65.87047068238171,23,64064.61808269289,163.96089950696498,1
62.009926495341325,56,64562.89379330132,220.75643434565262,1
65.91760776535503,59,87118.14238198785,240.04709743530333,1
45.124310853991076,29,65261.77763632214,218.89249635196023,0
62.80328112162488,20,55445.077141890055,232.14233905662473,1
68.57112571511746,35,30670.853605348486,260.6014732078894,1
79.77894044741517,57,57519.01472784732,229.0028138782684,1
59.81729781726352,38,79589.54875990783,209.9172017787631,0
56.91506397106812,32,58632.463206657194,249.01844550570945,1
59.982429564154636,50,26399.25152220745,252.64326634539754,1
74.15402117702074,52,52524.5641171133,253.06315349778262,1
68.28751109659684,43,74890.32808369189,185.23569454411992,0
59.70239796232961,25,68187.25761843023,159.37944924504788,1
70.13267433113356,53,47401.78655233897,183.4042344969534,1
65.9707754934804,47,51520.72835401377,221.10924847379525,0
74.68644990532889,40,53839.37011346375,204.77476835996316,0
57.979469061226474,59,50059.29342205605,193.80557044469458,1
61.723378534022316,31,29554.891983906266,216.81444196414807,0
61.078918468678424,31,71453.86650929783,155.875847549802,1
50.364850518678814,19,78855.8993503364,204.23507896074625,1
67.96120277064576,54,37223.2658405289,233.5537293454363,1
67.6105527217989,22,78657.79398879471,216.47946933674686,0
65.05113456642461,55,58454.651979041766,220.75429465501185,0
62.65412866624853,58,78376.98522251812,247.92118369857545,1
50.84629257949586,31,60569.25654435669,198.01570145379,0
60.79354677234641,56,62033.16888237945,180.4072501594899,1
61.572854834732304,42,65586.51970473319,235.68545127995125,0
56.97722730778381,37,48149.005122970826,235.13361893101782,0
63.387142883339905,19,77920.11216492033,216.7487502426739,0
69.04050856814538,56,43179.29042887823,195.18886998252654,1
83.8618590121053,23,53968.99883224994,200.04138953023954,1
66.74577812831839,34,67863.97016464753,161.6968114360674,0
67.57550390722764,42,52362.07139271804,233.3883959062161,0
64.25554084233833,45,71662.96861222415,232.32953928587432,0
45.812287847009586,19,80637.99259775935,160.64951748599648,1
64.73486124550783,52,75188.19001580754,226.02896251718408,0
65.60230209941027,54,30958.270294820675,212.12304965027025,1
89.63242112485287,22,61887.70454429036,169.34077668827612,1
63.076390352188774,18,75430.23916044588,163.81999396782592,1
68.01547342333612,57,40248.76729766915,211.20479808205167,0
64.65288230294756,29,70854.15880843313,188.06887658279246,1
53.31321962380468,53,70011.91172458968,254.5984655164901,0
76.4282281451502,40,41818.65162092602,228.57795183946718,0
72.51933032686775,48,72513.48998610242,214.21079410196683,1
72.91031947043047,28,64090.466902949025,215.69237012007184,1
55.906125452052606,27,69755.72683081903,239.92601541101502,0
79.02794310936099,20,45505.314213523015,225.39554275182013,0
50.98148937207719,31,62252.04174557077,214.99299315488068,1
70.8685709380027,33,34426.821688015145,170.5921647110747,0
86.90455625809979,27,25845.131887004238,291.85840896218656,1
55.09463674869312,46,62112.42639791625,166.904517280753,1
59.33702270397228,27,76508.96410141965,190.62371788699505,0
65.99651365087641,29,63794.0522139762,150.35815170770007,0
59.96524345883801,47,59048.30904083781,216.16394476307786,0
49.493365689338674,58,57186.9881991769,204.5333131185442,1
65.68562974806028,18,45861.51912835402,222.9582931509428,1
54.37696286273895,22,56672.0864430704,147.82803106686697,0
69.73592430635182,37,66325.26702396666,233.38717002142795,1
55.80575765766197,25,53471.66650799057,175.77693795591156,1
80.4993440501754,29,71258.80280753665,195.52984401908404,0
57.16746707663763,18,62939.62550796904,227.94713806043194,1
61.77938483794324,37,64754.6912666011,207.838000523957,0
73.1351721736967,45,73329.94130326441,209.9582767000059,0
52.69135683566045,54,52098.66851017514,223.97536459716198,0
67.2745993460413,54,69890.70879280427,212.86371919816173,0
78.07142754282428,29,54202.849241220385,189.7667629235385,0
48.92516765438772,54,65092.7172572826,195.00592615294312,0
66.84633858532304,45,50313.42974045147,206.35636035955469,1
67.59882794248423,32,46339.442654029015,173.13331719360997,1
72.81822871777311,23,61377.9711847274,229.8802597816601,1
52.63049289121918,37,31721.999219683243,208.65961792422453,0
51.795433869157236,31,55555.98834736677,202.24328803765906,0
70.21941565616898,19,35904.3449158623,235.7748967709441,0
67.96984673233186,26,71688.51051470412,196.39659070365892,1
67.50492850345877,54,75751.65894163371,194.5273700854275,1
68.46448209496975,37,47040.73167868791,185.46113707988107,0
58.19975278421509,43,66424.69443710244,210.29201026777807,0
67.32253697161003,46,73487.03570531237,209.25350324994545,1
67.93072473298682,18,73537.03833752676,180.0114739847028,0
57.85648581973632,52,63216.76250957462,194.669180686598,0
83.65774511144757,23,71014.57013342246,180.21193194442301,1
69.73832920911788,54,50260.03032119409,178.8539463855353,1
53.08696502797351,22,61246.8369848502,148.1030650481946,0
71.5655360863383,50,52993.44889813836,193.07269238955334,0
55.253183297726785,31,48993.18039321954,148.93360201759967,1
72.87084603742451,29,60540.950872044414,186.11552940981466,0
76.58595579007404,59,65212.95564237112,181.61916062367175,0
56.7931768164829,37,77452.6315193248,231.55685171796813,0
74.63376129244321,41,63977.33290948331,169.55195581071075,0
69.12780926936499,51,69628.95802442326,177.16440845556573,0
73.2206015999449,42,69799.24759874307,188.55427582425284,1
83.96792982653947,46,100313.01548545441,182.59569045491673,0
62.54611883997129,56,32849.51395091131,241.07764392265628,0
57.4626383564251,48,49680.99199744233,165.84297880851142,1
56.10485570374477,40,82110.8407873212,188.61786503042475,1
56.841897150345616,55,54719.80387719789,209.9619574749322,1
64.22898290585896,37,73287.04706402578,226.4355002912602,1
68.41151974816644,40,63450.142856442544,188.5927533220939,0
67.7669079933002,33,91578.03601812015,142.45701198488624,1
73.27183249036024,59,43304.18359404432,195.49687335243485,0
65.13001891877907,25,78327.0082877822,240.56085428542144,1
79.53534077157317,38,86243.71957908748,208.4656222229128,0
62.35343166762044,18,44783.716842480004,207.09253587079797,1
92.20169166589619,25,71743.0536537202,168.1094602526901,1
71.25667347765007,46,45517.53021256416,165.02985229134006,0
56.42842443583717,49,60452.423588026875,200.54124945902296,1
54.29107501938888,55,56151.1810472674,157.20863233155777,1
69.82472415243186,22,23958.690976504695,223.44086667087532,1
62.76537214674149,39,66363.51389567848,174.60061253400914,0
72.14000494092092,51,62150.087514093466,199.26028157805519,1
69.73237624573545,18,82186.18460108641,143.42699243737275,0
64.27171087343127,43,69167.15481974314,188.1859439466948,0
56.532062819315954,27,94363.25886118144,164.4241835860939,0
49.851527753141355,47,61605.63573118071,130.3413074797457,0
60.53485047932979,35,58417.04921996539,216.25526268008952,1
73.56398794323472,34,57234.650239243565,249.2347861727472,0
67.14093744130204,43,53406.169334523394,233.88420768031838,1
52.542612212880115,25,26883.736254261465,220.45072069711415,0
66.73180925851182,57,56697.08059488064,187.57636496163363,0
68.85317379728836,29,28982.179103460116,224.17670685643478,0
56.16142563798867,44,66780.50016878653,236.71559595721183,0
66.53725105945527,25,41399.09561294124,204.1046548901388,0
65.58208718446,42,46585.0106536737,164.4691948306393,0
53.57029702169377,21,49958.847077511724,185.01847104225888,1
68.57787360348283,50,56925.97443280132,251.0808946504381,0
70.60784526368235,18,60103.023824085554,197.75767495549502,0
75.83051243175277,36,76267.19374609606,100.25732840266711,0
75.53802052034902,48,51337.04859738669,155.93229608989418,1
51.22330632042909,33,67202.19204333554,187.26653890572555,1
55.62174960084877,31,100963.0084983535,231.07475715252704,0
70.1503526720866,22,65660.26054144844,191.80632942779263,0
70.1378595091221,58,57292.65316602549,231.6329496491978,0
70.15047686306048,43,48312.72522107554,184.21512939357532,1
103.52731490654722,45,57085.02681869507,141.0712243329316,0
70.70890510693167,19,46706.69484585891,185.25316524205746,0
76.35565640180599,23,64029.921400256586,210.34835004638856,0
74.54001763493203,26,61553.1620795909,207.8585104802394,0
71.51391251305797,50,27566.711686233102,162.34676752230092,0
61.84730755359654,58,59721.62991350899,189.46411394588705,1
72.58969220493267,42,76142.19468960019,280.5402271419222,0
57.27174785462428,30,54013.32221695875,163.0019352110937,1
62.63181393259991,26,50206.54841382657,219.82170183391247,0
60.14636452170897,30,39334.48840324722,137.09972904290612,0
65.81874139386322,48,32130.119375633934,225.91375473708985,1
88.14658566673509,58,72470.23900594881,173.2302382943466,0
46.32734807408252,28,57277.82505631206,212.0626477460882,1
71.86260190374513,21,71580.32343005134,161.25423194695395,1
48.87284128810349,51,82969.85616869203,208.72558400530122,0
60.280681342105666,55,73818.71527365518,172.74049112775685,1
75.88950596967366,21,51864.415178418065,178.54855451100124,0
65.64280019095463,55,62173.01496986333,213.25958019185092,1
54.22255222070694,36,50778.40702264622,187.08843570808952,0
57.84696290740032,23,49375.67306097505,211.41144344648933,1
71.79597748934675,51,65142.22743603936,194.27476044069948,0
57.69633368282864,35,47515.59175322741,202.02481043741824,1
67.16458589581976,30,26862.725713669483,213.35259414060204,1
65.45571839903813,58,46677.78156408935,189.4994463622658,1
58.483996523941826,40,55396.78276968941,170.11850641994678,1
86.43944089325325,36,82820.97746747884,184.0306320221063,1
71.33919022318011,28,52635.93825192952,235.85417539500307,1
44.74857413342393,18,67678.86136543912,203.4851925222965,0
66.86454314769428,41,57475.37649056896,174.65304639768578,0
58.38213535231612,24,78396.07715805576,212.04681825163155,0
73.52433334796224,42,77356.44578195938,214.04946754817414,0
57.07479261567299,38,77642.62657859879,215.59997227393433,0
63.85263558533101,32,33990.24705873971,170.66488398886142,1
70.04987278980457,18,63100.86070867492,179.52827017142315,0
73.65755194170121,29,71384.07900182922,179.69512350838966,1
52.997035929442234,24,65723.07843883996,189.18056263801424,0
61.654987641590516,32,69548.94488732744,216.16757555431204,0
60.25054688839044,38,60875.26506428216,208.8855441419304,1
58.46670767426288,36,48828.23689910209,211.25650871471487,1
82.65454240281096,46,34543.53922520622,240.6205742711457,1
69.04981710960955,42,50316.458570272865,220.66672797474888,1
52.391160456649544,50,100171.64810457588,195.74595125011737,0
74.17861947054776,49,52715.23235863992,164.483444718425,1
86.22156197012633,52,30609.146608638843,178.56358974587388,0
75.32465260551147,55,70989.74041093624,192.1488479696532,0
49.80630034045987,43,72831.90013023966,224.87389482008342,0
60.15765927133749,28,79309.8658522821,199.1800419768172,0
77.66911149186623,52,67064.67755560171,180.3141213533467,0
57.92330534381219,25,72684.02271700426,178.01321342818324,1
69.43819428146229,31,87603.25702262987,197.91265373236322,1
72.74634053429337,27,48817.89761906827,226.699626866513,0
55.730695284219166,19,45842.23941864424,247.73057917325352,0
64.404746439382,26,43581.20190670607,193.82694205910997,0
32.58732659930927,20,56013.456202590256,198.65770457712205,0
54.756123586657104,38,81501.33629737752,163.5817488152785,1
62.4743184860684,43,67921.02551619352,258.175777072984,0
52.52216818035151,25,67330.37929063827,157.96991485531748,1
81.32411303931636,19,32710.381070029147,235.1498693534165,0
50.69858622039367,23,49602.19759145371,189.0399214096259,1
60.599555133030165,45,32465.135507069448,182.01900518479044,0
66.30740577286092,46,77568.68683982315,166.6998928434222,1
79.41273289066116,43,83784.69739328598,272.301459482214,0
50.6413784882056,42,71693.50090860573,206.64474869835183,1
76.63163752154959,29,45198.209313906824,200.6384131131219,0
65.10233061019586,22,82230.33740423687,226.6019707866363,0
55.18491348952049,51,56201.17634962185,180.4750182311011,1
69.6210347426327,54,41783.11078871008,200.05537865693017,1
66.9905969557347,32,45533.93618082462,201.69008860436364,1
58.99783122841205,53,53547.650466122446,184.63562802955602,1
65.69802084990019,32,60743.6778072706,235.98914237557742,1
61.1468640313824,40,57579.836825223094,193.44036765512288,0
66.13517345251248,23,38809.9737274346,153.40603839893512,0
71.62130674521046,38,78199.74613778462,190.9550790943738,0
80.86016816145352,40,57740.91120844735,207.4753601514169,1
52.62184501173151,33,49293.69215594024,173.19520298337176,0
86.33033374656267,32,76654.53542974146,175.56215620488683,0
45.47912200477498,42,42248.90717600203,183.6122288562188,1
63.482149049644164,53,35566.64724638228,236.63706980200882,1
70.88317206484577,28,79087.31169898108,185.38525932062882,0
67.80991867735032,32,88370.81774325509,242.87351055653093,0
58.77300480179406,21,53068.55972022902,181.55148685554994,0
62.918777496427246,38,59310.44988124282,209.75042408769625,0
60.06999065341167,30,42800.02928218645,186.61271977340746,0
59.106352430557884,39,60082.3882536509,222.62249510871416,1
73.49602097021025,36,52864.421044032046,166.45177536304163,1
68.57015485965047,51,58468.07339947501,222.28578438731694,1
58.070904047393455,31,66138.87581395864,203.4160820092905,0
73.9959987543325,21,43527.8178295373,180.80024549667652,1
68.07299520876609,44,54572.829911511486,195.0133554586955,0
73.1286211883896,46,32943.278673327324,246.01564823096524,0
71.29628841923612,45,54675.19073830068,204.1353351464235,1
56.710049890779274,52,58598.488936245005,178.91815952262084,0
59.39818959803031,25,63434.736375916174,163.85920151515663,0
72.47293605123262,33,63593.648105448134,215.16212820292992,1
71.10370265433465,59,73558.84126105285,205.87535741032056,0
64.79098406035853,53,36905.0022109002,220.8506208526467,1
66.17327383308782,47,37705.84455074559,156.13325780930472,0
77.77664895788425,35,67934.36904588781,164.832186413255,1
59.0842861116417,19,29415.58084491876,234.406375977557,0
70.47097381170038,30,62749.503181574895,209.94024940338022,0
62.97807347566106,21,42295.60590615159,216.00202553712685,1
62.8231879677278,43,83592.21961375771,171.1193890367614,0
75.9877685198719,42,63756.786115916664,170.57038405013245,0
73.2541634898803,47,56712.659704304075,229.73775974576267,0
73.13509636000639,28,78415.81315708767,231.15132964295447,0
78.05478807154329,24,44048.96990143574,167.3504153891284,0
65.21003841632759,48,46898.85548868288,161.61888512441465,0
71.81952971294965,27,41078.17749517337,196.74221087862668,1
61.89733243406544,56,47024.411604765104,176.0195463987198,0
68.24166352488442,30,60916.734140510816,175.39469362861922,0
63.698569456323156,48,67409.27807990581,162.45865260717824,0
65.96995964992718,24,74421.32528051313,185.946984551589,0
70.95157025436913,59,32629.139296488913,165.35915772101401,1
56.81779316766527,59,57422.05520305062,167.1379729097229,0
85.9238727568546,53,43377.53203213797,208.95175539698914,1
54.93982618500298,37,56920.69362767848,198.34405297137872,0
52.85811387212268,21,95012.4537019056,214.54636044596396,1
76.58110873500068,24,64377.926430000225,150.52899693952082,1
72.91662693962935,18,73491.97456722369,200.2964182948929,1
71.24119817052156,59,89410.36908241571,262.26912626497517,1
71.2834550926428,30,76910.37364762137,188.831825471432,1
64.87753227153085,39,53281.282804695235,224.74247019716893,0
56.02745628514168,38,40862.51870145093,224.4802054632327,0
65.75804558193727,39,59547.835957187235,225.95595824003826,1
58.22838288487888,45,51484.413236719716,204.9998506117197,0
74.7511973341775,26,37132.180700712386,216.98257948232643,0
63.52942618497861,43,63613.87495934203,220.97040860039016,1
56.745028032074885,26,63988.294470889996,219.06338084943073,0
61.78614158347007,32,86536.7505039493,166.47745479459812,1
69.12931454275625,27,54573.55396744779,148.77846552368038,1
59.36275447196025,41,64201.82083454174,153.39249369755578,1
56.77779604433569,59,50017.71877964677,191.89520022852008,1
67.43687211491913,25,73097.54146040199,217.81780203267934,0
67.44966571108722,41,58130.733057148056,166.86766167465245,0
59.9305682462887,33,42411.12586720886,227.7191137575321,0
60.289616943816775,43,59797.92267502263,184.9317447647634,0
67.32049937357637,44,65857.84346347502,185.21734366417763,1
50.51915658502676,54,63829.10081120345,174.91679012361197,1
50.92536225623445,21,75688.45073243804,143.4564092295118,0
57.81555778747564,41,38279.154419389655,206.8794238530394,0
62.86552848288153,36,47358.861149775876,251.38003138515705,1
68.10907565598005,53,69596.80997693306,198.1200642940231,0
79.75356216949552,56,49120.96533058393,144.48105074915443,0
73.5765962320202,27,63607.0687399531,223.41028434849338,0
63.40061470036573,42,23703.821288823565,151.25606029691033,1
64.80983792097311,35,100739.19858469322,163.72896809032443,1
54.97470635362191,36,55954.22202663996,192.84985483059288,1
64.8148686400761,53,77909.34389982416,203.68530315620595,1
62.11341361079862,27,54946.532616247634,169.74007996499515,0
68.22718560338089,50,66220.4779309633,191.6805183030206,0
56.727690564476774,22,82378.7946951791,221.45487202282055,1
70.19346514241172,52,77487.09028812578,225.56536654424056,0
80.32738913002578,51,56933.17530472163,237.54369265442793,1
63.91239851543143,50,57971.18511909461,257.2825595688048,1
69.01711722098942,38,75053.49840274928,224.2966796498335,1
71.90143991711112,34,94998.6660642795,193.49790456787278,1
60.987795281141636,39,62884.240115985616,225.77941373368918,1
67.24092481810416,54,89355.95460812462,214.00148702015545,1
65.12592400781794,32,56378.78384369691,215.19100932578763,0
65.97676098548831,52,74279.40545264703,205.31656355215057,0
57.26990216144534,45,76517.3364337093,172.6383769353828,0
65.24510174258943,24,53850.5924422084,169.1571077653421,1
69.9799829124545,49,48793.828810475374,197.0864539677457,0
79.51143607795042,28,77180.8378282103,204.46730227539115,1
74.59270826085206,27,52026.645941354145,179.61677231204862,0
86.53182457511556,26,46584.75130986896,212.70025845825725,1
57.326524371119504,31,49740.607473013544,262.4229771211757,0
73.72320636720679,30,51965.799923618826,147.67007842165228,1
66.83342005738352,42,72849.25656938516,217.46733432691283,1
86.89802933217672,19,67725.64009914282,198.0207613732757,0
56.91701714644849,52,70734.87367136836,213.51966666003963,0
56.602781578192236,24,66320.69716647123,187.07855898619127,1
59.00607354555978,38,51092.39756630042,195.61820344858498,0
43.76104275690193,35,70456.54283862408,203.885013530243,0
59.74244978319239,20,77736.80739907955,190.95098349394218,1
57.40867338446302,59,68767.54824178964,154.38376047890304,1
66.50393786476208,56,66744.83859938776,192.98254908066642,1
68.4175597577716,58,48494.18240143985,157.5069911541142,0
83.76170839215887,28,63177.25618461717,219.5957933174093,0
74.5042383818605,56,47696.380058269475,144.03364696765632,1
59.23096344337597,41,59639.58212879094,230.85963138367669,1
56.01585328651642,36,35396.00041162026,212.88689000610438,1
69.91919171506505,21,35511.6239551186,213.00165847201683,0
51.797667929793576,43,57134.28465079455,135.0707039645648,0
83.31458765854353,55,51773.40492259515,190.1420168572533,0
76.79440120721287,59,61601.8079021126,234.6069028597958,0
60.30824347895295,49,57978.471313273214,184.44176062909116,0
47.868654709091224,56,60452.861808152324,167.65813550108857,0
78.53872374165412,53,69129.1116353511,180.89989714982863,1
63.85460154747382,57,53050.96566508751,197.95167132081986,0
77.37816311973462,54,56708.342825327054,174.45888649061567,1
49.05572341205633,50,81825.31834144746,237.0145169626788,1
59.00624977046227,53,60046.2619023754,198.05997410028823,1
65.05243699718183,20,57311.842880619166,183.33291956156216,0
65.46980593764742,26,61237.69048984784,160.95969419493264,1
60.49934528520756,25,57579.53440485704,214.53339815836813,1
71.22849932347499,50,49356.41560570163,213.8499888413409,1
54.32379570617405,23,45029.55244230419,176.23373281445924,1
63.576205149787064,58,48548.529897749926,132.91012915057564,1
66.20295631711899,56,73093.7878015618,212.32286568727653,1
70.14438834058748,21,50551.42117922381,194.39589826216994,0
72.11614878088889,30,57676.13097245585,210.08213503777006,1
53.75357908162131,19,70511.04427699346,258.71523600918914,0
49.65885829264378,22,55824.132437835324,199.19504468872822,1
77.7767682189851,44,69500.41972265478,184.58484149471684,0
68.32314011979592,49,36888.104363537,165.5803409705498,0
57.51513463443446,38,58012.24980687155,190.62734625514852,1
80.51151975522524,25,61183.44144897763,204.81732048846925,1
66.15674634292859,55,60347.08084647252,201.59922261796282,0
76.79297184063826,25,35206.21953241674,251.7039602020131,0
65.67518481410109,20,78046.68969646207,214.9725669639783,1
85.60747924881987,20,47179.90582542875,195.9559738547837,0
82.55340842443204,39,65025.556878937015,178.8031826349958,1
62.51035851520926,23,60119.46423970996,208.0001829134996,0
74.71570950954356,19,75055.64285716016,172.78975524852024,1
71.45375949585147,40,92812.3324406131,205.39493238613719,1
78.68631557532349,19,40644.53273185746,214.6224178071453,0
55.35076539419896,55,50266.29178091252,193.50643331685657,0
71.8605145999844,34,62836.38740758578,181.09140667804576,0
75.58424486849587,52,43419.70023670813,134.44109457995282,1
47.41260513576886,51,71732.7391193364,234.31510179261173,1
53.16741487334225,40,72650.58933235588,212.09901170735844,1
44.607678222398995,47,68391.73613992556,212.82851844754347,0
62.305931655554424,25,63548.72626314296,153.159429926681,0
72.17542255795962,39,80545.63166954671,241.3951609922017,0
80.02357052096028,53,42665.61777496707,186.0434940014576,0
65.74094780419775,22,60979.0229301383,191.3361409190154,1
81.28615545571292,30,48917.956969046674,167.92139433743523,1
51.198985417851084,46,73348.74498847753,146.39162805980456,1
47.96617560644845,48,32499.88253240351,234.720389351707,0
64.44452301103381,33,59578.7420161053,238.59792108192875,1
68.84065448939307,59,65028.580306049225,195.03415545940018,1
64.67305251905907,47,45787.61797539338,179.6184629058095,1
44.325578999601234,33,50607.1495166765,188.68867492597226,1
64.10879960487212,29,60230.68472058159,189.5115502989335,0
51.95530499495147,34,74326.44569162214,164.00420833461206,0
71.69672548830039,33,44506.961571194195,191.2323435366848,1
68.66598246096848,29,47123.250894379715,204.59305978802976,0
55.60120213672645,25,76883.81656560516,230.54471742946257,0
59.861330826633065,37,55905.369001202474,200.42732492041137,1
54.40786478111048,20,48336.91440232534,152.70944873301693,1
64.37320902726829,33,70930.27195825374,210.6064358959603,1
74.55142320501238,47,52677.0450415163,192.3220831499074,0
55.14273953664456,40,75411.3230300816,241.11229081951598,0
70.04046515517844,45,50044.19434530432,242.88373406132024,1
59.69742381627559,57,57606.08157262506,243.93362936801898,1
57.07127167737656,22,74174.57498083098,183.15236193880162,1
63.929696400454425,37,56606.08693239373,259.6956522001267,1
54.64757677580626,57,71340.7998311797,210.5282751468712,1
59.46350694652818,18,59016.78589828493,248.79141217005898,1
53.021221074111516,47,89725.37709600043,184.92141158504722,0
84.6472513291639,38,83531.67906154273,191.0420978717112,1
65.35263551971728,37,40078.55606349378,208.22082058016255,1
58.00274492007414,23,67833.65521872015,204.5563282884182,1
67.13979910734221,39,47753.940208484375,237.64435830407507,0
63.8767195030917,35,62872.60408189096,193.03612044354637,1
62.79030400466777,25,61025.559439653916,234.9384497093107,0
71.14166700043425,56,44169.19474361269,221.9670352139796,1
72.57507710047305,49,75877.26815295487,193.59823344178554,0
59.69498852389472,50,63049.544153536124,219.64029852446942,1
59.2418175935532,33,55729.754464911246,185.80204859500853,0
62.24948302848356,29,53428.35263634608,270.50617400017165,0
41.980788352644154,55,62096.65454649353,120.07003036776659,0
49.84808937801448,51,66118.87526271428,220.18829613485119,1
78.66874267444524,31,58125.36320462601,147.06212272168858,0
81.44967713501283,53,17512.206438356872,193.23029890345794,0
62.50963960443622,50,60253.360743637255,197.43175731586263,1
70.76556963055766,40,38377.76907585334,245.2290067674105,0
68.11250154543536,19,56858.211515263865,179.2354336376933,1
95.78880808455239,58,38931.536143955374,239.24035746985334,1
76.19574911434577,38,38752.53547380799,164.63550079325609,1
63.72082408519233,19,78526.82732922792,240.40009171264597,0
55.44459559399574,44,55198.62028583414,185.7696367428958,1
48.93553679742428,26,54050.06760267123,202.20303557723358,0
67.03463635867223,18,67237.86073242888,189.90864010668787,0
57.436492547156966,28,54441.14215391322,238.4709042234681,0
50.77746290402326,20,91557.09138191114,232.63219529701243,1
58.534271157574736,40,55904.70358910971,213.30505161753575,0
54.18451996385605,43,65476.881179745156,165.44394846239678,1
81.87141635072564,21,74564.11997065292,178.5493439590927,1
73.81639756949451,35,84033.79838410365,169.14270423481622,0
64.92027358683383,23,48869.9079651354,132.5557133962351,0
79.79944138890026,52,53730.54744242033,237.8395430555014,1
65.77368307647619,39,79118.87812940273,190.1652942097191,1
56.38715798671736,32,72150.93456079037,189.84518107123108,1
80.23124077269657,39,76127.63903502688,244.88306700276678,0
70.38910043684659,54,39469.43184660497,185.72034192840897,0
54.62753845673544,59,83219.99630886028,174.78587192942206,0
63.09661321916392,29,48578.886850727926,193.25763138455045,0
56.24381746615243,59,62884.39467212844,166.01992844369312,0
51.172002690356635,55,57776.656836123446,210.33067307863868,1
74.26177547531641,35,46822.75745177895,188.7901376520749,0
84.0941664047013,52,38811.96354868496,184.78185768218563,0
51.01432426180859,47,33842.27825050653,182.18290483939094,1
70.62969236690572,41,61785.276090809624,196.81335518473966,1
58.49357430878173,59,37120.21364649816,202.50443376559554,0
60.12874616235304,47,42992.76607369675,184.40074734777434,1
59.07606075761131,31,56729.4618270267,189.2370219171456,0
56.36009230320184,23,20417.872496101503,197.55431519541952,0
65.48521627944827,20,71684.69568066002,194.52745593381383,0
56.69049883588962,33,23851.67749339788,200.9322790062504,1
67.70456825779839,24,58839.41413000841,179.6998759025596,0
64.49761890550863,31,60225.28839891434,230.13778727379471,0
62.6105195313359,26,68070.92580272713,202.90484532228552,0
55.92436337958402,32,59374.7879641516,184.8845974152537,1
59.23228669431667,38,90268.61945749857,210.33152652135604,0
72.55391225825755,52,63244.753223527514,197.76894203543856,0
70.00917187624381,19,75804.1859886549,147.98520936548996,0
55.22444755201449,44,49148.05786694568,210.22858070664878,0
65.99332305429226,19,61811.35209284202,169.4148139284744,1
72.5138712337179,52,83213.55142543389,228.03283349693922,1
48.305947188786284,35,56434.573129655386,192.7475108331966,0
70.43360192379934,31,62883.52146292847,223.40210892173192,0
58.37376241054153,37,74712.80173706212,181.0934434040718,0
70.70598668593159,35,48866.55719712548,202.0978780142192,0
57.367408434574834,27,27576.5950002121,236.30730501520628,0
46.95117899335481,42,63833.604805685536,191.92950360755532,1
48.72457562116837,19,74830.03754037005,182.27548703792584,1
65.48084946661382,42,39728.31352662043,219.65121841345368,1
67.59722501721483,50,70053.29845916008,219.0698479025288,1
55.956833748955916,53,70154.49581009307,183.53752599755543,1
71.38592458777374,48,25897.55611327044,140.43616938746715,1
48.3847993773104,31,45955.67051389842,181.69931067504933,0
64.33920201352683,18,54062.56828902507,220.32078565059265,1
52.889838002375434,33,57305.639996471444,176.7489743172883,0
58.48163892197841,20,48852.98602848024,199.67186488951413,0
65.47398671316414,52,48044.95794626727,180.27545186100969,1
56.39586634716048,58,85072.24336773138,142.0349851242185,0
61.154444557701744,23,58386.61302211638,179.73556468880216,0
75.0629280921444,42,49574.3450977539,220.19396062069137,1
59.23108130476851,30,59382.45784631175,128.89242559802562,0
73.35692112065142,51,68056.36249591716,207.56502051426727,0
53.702931453423815,25,60774.39565066812,164.4179230580176,1
70.29804177915283,38,56914.0861375804,218.25326208422575,1
79.41568620657901,51,50249.7499699432,221.4295680762096,1
40.283554998727105,21,50068.03731798602,194.84156195266172,0
57.03104744529523,42,51032.874202719606,194.90995523656335,0
70.7707212718054,32,65082.219012161055,175.80911908591096,1
62.96954613957007,21,45087.298613973195,159.63249799685101,1
68.71145873371309,29,65899.03835205332,250.94278719001198,1
58.960148132841795,49,81194.92133440245,174.04785718486616,0
65.865897874729,49,64885.610367197994,247.03388393589415,0
63.44322764607921,45,54456.21706624294,174.2149988059947,1
76.67782061659807,30,40528.09672418055,215.75571171013183,0
67.54420843301213,48,83671.60211867272,165.86578521039095,1
68.37602662075201,31,42449.735241016315,215.70185050706047,0
60.881230338775325,37,72728.43051713622,190.23237928540635,1
60.123937759275066,35,69577.76790891727,190.62451517972988,1
60.67441812180379,46,56448.4709555391,218.3006950935335,1
68.94452142378297,23,56055.31794328983,185.92575904762705,0
60.79015519179737,49,32464.33088938469,157.15554513664708,1
67.89774856896413,46,64950.97501218932,222.83916690228358,1
85.75400798645438,19,69298.89498593708,165.62298230053017,0
73.71124703431693,40,43663.79825778293,215.4955185319373,1
61.73976467832159,36,57662.67788506346,229.18989635999003,1
77.01213922163944,48,60567.928725134254,188.7351834094335,1
60.91924626978449,22,68768.58941924352,235.47058532275352,1
44.61875464822146,36,60057.04614184781,214.4535112358385,0
54.91913689082596,51,35605.20969057624,179.12415739565674,0
46.29208078974145,27,52050.93345806266,242.04287006798225,0
61.48486515958692,42,63369.386780835295,165.74984534781828,1
65.18418379189552,19,72622.92513059638,188.69898710289303,1
81.76437312275283,28,50735.4508590863,193.81055589142014,1
68.26927373764163,48,92814.74811825028,218.15671103054765,0
62.80899471191136,32,31582.90396744553,233.46299892143404,0
73.2940558118349,26,51544.49737413148,231.58374670708142,1
42.88864690992115,40,58754.495947608404,206.71244958722917,0
67.35614558108566,36,56988.76254670704,191.591926866093,0
72.70865193886966,26,41517.86505277751,145.2204727511711,1
50.214137542201584,52,66717.9262162769,160.5756243663435,0
76.43754043206928,38,65566.41076970883,252.99966467874307,0
68.38496407494414,26,60719.4216897232,144.91784037492383,0
60.847120860991986,45,64977.657948877735,176.46528070273672,0
71.32781866106285,24,53643.353828279534,234.33818846150268,1
87.70692857804396,33,35739.55574837148,206.291398975921,0
66.81866255058495,33,49250.40194921633,227.84135213017078,0
67.48220586300336,50,62355.818721141615,216.28485053812028,0
60.40639100459756,21,62441.16622269594,244.08747612082658,1
56.50155630535208,21,60620.68578878772,208.86281859694654,0
73.30335816544246,56,68230.62401977548,219.90343187454533,1
56.43916174091133,57,51282.809318249754,178.2726040382498,0
65.71566237219392,34,60400.21585665804,217.5899892673441,0
60.223425532348834,54,68581.39167607382,188.11621706032315,0
69.78979825746391,56,58726.6527224647,186.40682396057863,1
68.33662105286949,46,41350.14107390852,226.8417054394141,1
75.375399442579,53,45577.67445516694,227.04870128178092,0
59.89983601145253,55,72462.7848641905,250.65326467238395,1
62.30125064706629,56,80887.08244413859,248.69789556458602,1
55.21236284217693,54,77629.24661736074,227.51945484076327,0
60.55706739923888,52,63482.33924613053,148.38663169289862,1
68.77300493044852,24,41953.01096974961,254.8304294884909,0
72.56988616645351,44,59904.72664840697,227.53903011999085,1
55.77834675822375,45,83433.82697925632,177.02419729741092,1
73.6960592010566,39,69277.32570684713,221.86727466688347,1
78.55637858804951,31,56887.83715974191,168.88202777111815,1
69.13434903223701,24,69429.37849261824,218.55890360329226,0
83.76795812558066,54,40959.07190076593,160.511898767777,1
57.26210800896427,39,49564.929332276966,175.75344773640091,0
52.55345296688583,22,43737.12913466513,221.2978738760158,0
47.212797510957216,19,67043.57727522649,232.1866022897868,1
79.96044311489183,44,70711.55249580138,209.7631057830143,1
71.54365656354058,38,57692.6095920245,191.4149408993609,1
64.44415329089544,55,46906.05484890651,136.5540111494903,0
67.7996862631982,32,59703.76359698059,193.7293670104592,1
53.74510952701623,38,52701.30163989289,216.00455230473582,1
89.45751979616827,27,48057.43942959383,190.49704682193058,0
66.29221181975228,40,65084.9052796387,199.32266176716746,0
66.09394794604893,56,48630.116662219894,194.43147596246237,0
72.25766623898691,22,36504.75400553861,190.34881346535698,0
69.81009231736714,18,39838.28294455219,202.2763216987944,1
67.23884024279131,30,35951.09299776076,191.8191625354262,1
57.09525544554688,38,63712.67874864307,243.29868660895826,1
69.71468357135996,43,62256.08157264246,133.807434548488,1
83.82024496475034,38,61507.80141762243,183.62472242086767,0
78.45420046154977,35,68815.97478719914,173.89231329448324,1
80.93186626639397,54,77879.38284175674,206.5733180010323,0
59.88784323568815,49,51116.00203762327,202.3143435764938,1
55.10395179741419,53,66097.16215857628,248.66579304648286,0
63.74213079900352,34,36305.767388911845,258.5342614489338,1
65.55724912288694,52,80680.64619395026,176.80749633288556,0
75.94191518470949,28,41327.53142672764,200.01500195100888,0
48.07535370285181,38,49348.783214393436,205.88913250773066,1
80.29550319460614,43,51034.35729400361,176.06558754987992,0
63.419921014210104,21,37105.935049166816,218.8514610811287,1
60.7311893005258,51,60488.63366112843,192.81477893705167,0
54.87895624739832,35,63208.558023022226,167.97095448197067,1
48.451433281342304,57,57158.794935276754,191.6129508720037,0
73.23170583961914,52,36896.28551953385,170.06976281778054,0
65.73317967188405,58,89750.79352277567,231.09940488257766,0
52.10039100258946,46,68238.46194752472,257.0467776534101,0
52.04921227936384,46,99513.33065474938,207.3445812168362,0
61.64215300709872,55,47923.36140170561,203.33830304159827,0
81.69021525289392,59,74368.23342265465,204.57304300622556,0
62.40408648636395,38,71689.10831091244,235.46702086814946,0
49.96857046881894,59,55641.37345353956,234.82097010791549,1
62.54256935914056,30,81165.76351588836,196.53039294355307,1
62.27276430252329,58,53918.84988579332,207.57769782137274,0
38.03113357058429,34,54586.628708630895,219.57939221531234,1
64.45705133482188,26,7928.551620924256,165.86937630347796,1
62.69065469791322,58,66135.42080613956,236.3782471226137,0
71.96206364813418,18,40117.351324763906,252.04495673681683,1
83.48956094945345,19,51739.18206456733,234.95096314518372,0
76.26565029547757,46,44606.70541882459,162.63218265156337,1
62.31111309445169,50,54506.52691022608,140.89998633743377,0
53.934740912583294,27,66658.20345326154,221.26156020553793,1
90.7335980324986,57,60167.12344573136,177.19431653113742,1
65.59218434014488,38,70644.6193575871,208.61400062368958,0
65.13929291912946,45,78984.44303378447,246.05446160022646,0
64.75874912889996,28,54468.06094983247,180.2913447080477,1
66.98084760767856,51,52821.491369758296,188.6733603077312,0
63.556395880760576,25,74365.91480493014,208.30168917764948,1
59.26337993119763,39,75555.70933109894,161.07471080053307,1
59.53141058759608,25,71108.86302154571,177.26431411982372,1
64.67246729784002,32,45717.31789890976,200.74572511253808,1
59.56575228866235,34,66339.82598252405,190.98635393546746,1
57.871542173228356,40,61642.05906070933,218.2522326139768,1
66.06430227691897,41,75787.93412024494,282.97938843317803,0
62.450227825791444,36,51406.91865693377,202.97415018254372,0
80.0399298858269,22,35000.845632751254,174.74864161885972,0
38.49030191606988,49,70353.55200570408,242.54721064272692,1
75.91506851922462,18,21624.474251143467,152.33544574039337,1
77.4608519249763,40,49027.29894155505,158.33275486912677,0
44.2660976759185,54,44652.06733022558,182.1468968405683,1
61.573124059196516,25,44550.979936413794,191.51339838441123,0
61.28559134004209,30,48764.52793567357,181.42781790448373,0
50.924883052821784,25,78260.60354627445,199.0546302673093,1
57.22183312409125,40,72308.3312850956,208.24225708239035,0
53.894241545341714,18,56224.039770112424,232.06878605825415,1
82.52270443423623,41,77004.35207788573,202.73564821531346,0
74.35678393147461,52,44065.54267250439,183.14161256914696,1
77.71555094994159,41,42025.74921379263,230.43936159318235,1
72.21672064043236,34,72953.94988869886,175.46853572809607,0
53.70948228782771,22,68694.6484398397,151.0219176293803,1
59.75479733720226,37,53096.04897625015,236.17868053713627,1
69.89374561227918,38,42968.08659452804,234.25559734432915,0
52.778721911080545,57,81895.9781255691,176.2310482338768,0
72.12998430172388,48,34198.46173578272,188.02703438537225,1
62.59674601841865,53,51023.610969846595,172.49217364010212,0
61.251791924504026,28,63428.64791276846,209.79872652695403,0
72.10959968203491,32,87032.4721264717,251.96147874104247,0
69.4426331148604,36,65746.5031810983,221.08645395785365,0
61.3903383418092,24,67204.56979519948,231.071739277491,1
76.59329803364248,45,51459.24449777809,224.59184995073036,0
54.189366724001026,22,68527.20337911898,199.9964255432272,0
71.15935606944264,22,61579.6398131863,232.50021313733947,0
70.93101257968384,47,36173.031893736625,222.350916887384,0
61.904535606860094,49,71894.0228023966,243.18337145459407,1
68.26133022242118,25,74555.90084770277,186.2135317651473,0
52.488864236146966,27,72050.47573231744,147.8566508136384,1
74.240270192069,55,60499.91888498703,231.35753044619233,0
63.15097863557011,49,45657.34675275529,210.49308561818174,0
59.772769794809605,45,25362.244030727015,191.1186169903629,1
75.49009225836889,34,62355.80408102176,192.79541563077527,0
57.95656309457241,48,76229.13089611274,276.6405897770635,1
50.91538703636441,25,74932.98703624621,180.73416042397187,1
49.433708264760966,57,72241.09265090773,174.40090079521002,0
71.0600995134564,42,58886.835321759136,202.55852700480057,0
52.19570647503717,26,76311.96261047246,235.41472633918883,1
82.54794181984364,19,73862.42735783855,268.3520595958768,0
44.18070592116278,32,53660.496589176626,219.72094890168714,0
81.96456368290038,20,70148.97024923771,161.8877376806171,0
67.11017467202619,53,51960.61281886062,259.125928121534,0
64.03286888129608,21,68100.36347425383,199.41593902768707,1
59.550809131910505,31,40513.250335483994,174.86871704315092,0
68.9913611435207,58,41666.82286990617,167.61822628701938,0
64.62365297575151,58,75873.10570415862,225.08986158006368,1
76.03301882016521,42,74063.40183307148,207.1648815855924,0
66.1422764866204,27,69504.17310863748,210.35226130837552,0
66.50301761461877,38,61319.53231579246,238.59509357215794,1
61.36387787786144,53,24130.883534637775,175.93536225471067,0
64.43054376278933,29,58876.86092690266,240.98463884820944,1
68.0780176889206,44,66812.74750784757,184.4252803161893,1
47.89831607343375,57,51979.00128660613,264.9202212173707,0
51.518145778942866,19,49312.58710787643,217.9621704797942,1
72.43264094022715,30,81666.30582230538,172.39284410670868,0
66.70865438127942,49,59095.665129125824,139.23745750038563,0
63.16016663647321,48,66821.9275446357,224.26774166837035,1
65.18433933065393,33,71611.97192429047,188.7745917202945,1
68.47581705361671,49,44978.443852423836,195.33302916434494,0
59.60240319690639,49,62898.11134071291,222.98588027522322,1
57.216952745976876,51,79794.6674171595,230.31241478751969,1
66.95845255097682,28,87288.34774949582,236.71131022007873,1
55.21627222384968,27,60599.045958220355,164.7547607485119,1
69.08252755714472,32,56430.84678979388,242.77684248873766,0
47.9741639576216,34,64035.361022063,182.62863991495553,0
75.29155637325644,57,63654.555705412815,132.3125019575532,1
69.72597482413043,35,80801.3709919673,164.64678959419862,0
67.56029734313876,26,45054.124662493996,206.54075276397694,1
74.82690983945514,42,55801.90370750968,170.63557261756583,0
81.65474444462576,57,43242.88009685234,197.35866592471868,0
75.1437006501813,31,44818.576713036346,210.14757462587534,0
46.59125768668355,42,65648.61022708687,194.55843790672142,1
52.204230332642986,39,72147.8676245554,185.1693698642985,0
58.75181422304321,47,50259.12459384382,162.47911811035323,1
65.26091050210833,37,71581.42183462935,200.65831424645998,0
70.17659020469122,38,76673.67985697952,138.05127837245794,0
57.742561868465344,49,89020.58997650085,179.42005874841738,0
66.86766764477078,38,61046.20273261573,172.16647672817717,1
57.44617067646678,52,50403.532088338005,192.81869445473257,0
58.884821970080516,49,44962.92102591158,193.6001060207219,0
50.93338903151778,47,43473.1020312016,228.79870023301237,0
55.76766753889096,56,78746.7105210541,247.50431831748799,0
51.48315394383666,29,37273.56985566524,166.4666347928909,1
55.241267470226674,58,78266.227284768,259.7849787581009,1
75.5364179660784,35,46973.38456121777,176.62113201435704,0
55.50601111168057,38,49721.90703210892,205.1758034876927,1
91.32382064837391,30,57726.6681748503,215.32588967444954,1
69.93317900880889,38,49445.18175650233,273.33748257747516,0
66.84836123694873,25,73979.69632439362,183.73152986712006,1
56.41642219818787,57,87200.15927974164,146.09785961065842,1
72.00309879408991,24,50138.517636702934,244.71138410578945,0
59.24362173762226,40,53516.4324125306,174.99879323613695,0
66.22009814645361,49,57550.18789074152,189.15234258273222,1
90.60084538268795,28,68115.85145238957,166.46751038221475,1
64.03940100275351,39,57697.735815662156,189.23888680853244,0
76.49273326285676,39,80808.86116578893,174.78825391383677,0
57.96823574874112,42,77199.35874842892,220.29325449484315,0
64.65011509503039,39,42218.0646960735,202.4237488916594,1
82.7080063563551,45,67814.52248362244,179.56834518155964,1
58.730329422122324,46,82805.08855964255,229.87615929976783,1
83.12448557996929,30,52578.28581349675,207.64990252023796,0
72.07751935455475,35,55586.02692309665,144.61855248667834,1
59.37533224105732,19,52079.44503220567,227.59109942252906,1
71.3240773905552,46,52393.865767147414,205.54603651557903,0
74.7255444962673,38,34973.226721334286,241.72197462774628,0
71.21809962217196,32,40075.27572802424,203.71752279027933,1
49.297752801095434,44,61162.105781058446,176.24871948297215,1
57.728628241751316,48,82703.96961979168,193.8711400009449,0
62.52481364448495,32,50799.587812225756,224.11757992642163,1
64.25566570899954,40,50358.64045577163,176.87788820897413,0
71.20672097550678,41,85522.81605631101,186.79109638677323,1
66.77701000933254,30,43376.13807276019,193.349342600028,1
51.64655641289899,39,35081.35255940368,165.5188516935238,1
68.80197851005963,54,47572.268457937505,177.31029726114275,1
71.10585745283824,50,50058.23281808451,205.1765057541257,1
70.5979044793104,20,33788.203729574016,236.07433242959024,0
75.80780725554622,36,58079.37440588083,209.51440954131425,1
73.33922154548904,40,74226.69524792302,198.62416221892934,0
69.59180079228437,46,40710.67839427761,175.06187678143067,0
64.29834288541353,47,61313.67328430383,232.85481235160694,0
48.39039066484008,56,65939.0351344016,213.00516499840526,0
69.29618219132585,42,58749.235870885605,178.79810709442282,1
67.07687687163111,54,62785.38884611589,226.959453760547,0
67.71578837195374,25,62959.908938928165,216.787311845314,1
52.232514241796906,59,47809.08064622352,175.59408951901293,1
54.189434595917376,33,82478.73858017802,196.958652312074,0
75.53152853332904,25,78716.35251114322,185.21681815271188,1
64.60444846143345,18,77848.67095861751,279.00613820094816,0
71.81500697372624,22,75205.13610815795,215.95234649376977,0
65.28318376130461,20,36375.307958504636,205.6028616454472,1
65.29756139495746,18,73890.9356671795,214.1798916823014,0
74.38283805975998,21,69834.02141324262,241.37487764592493,0
59.83955271782626,57,36952.14577584325,197.49859566684603,1
65.96120776940984,52,56776.344672748826,182.3027210640273,1
60.377247112949576,49,64151.90173987932,225.32849684292253,0
60.65503772567684,59,84964.75647186954,194.75166301996063,1
61.908278765313604,51,70870.85786841388,167.9031401275849,1
67.22133771633713,42,47031.514090825476,162.05940704731825,1
60.212513783365225,27,85430.82687677945,245.878896525186,0
77.55756125573521,38,60656.696440708336,203.94933700757855,1
56.05392697780496,56,56162.382946453625,182.31297848022797,1
63.13128355838641,44,55093.227051167814,192.9699526687381,1
60.60268941725825,44,35646.671429653,224.22334154025054,1
79.46977884353733,19,58353.45744275786,191.19783452473865,0
66.96554776511574,58,67462.27885958487,156.51740812467744,0
75.31844539468635,30,54219.25008712176,209.77522556443773,0
50.14439626963028,26,66306.78715871337,236.2504345272069,0
67.67050265869258,53,47034.13393628729,234.24392953916754,1
73.89630795623437,39,57886.0812858357,183.22010185588266,0
65.82283989275425,59,64748.10489912948,238.07517969375138,1
75.65480375065351,43,62844.91315595131,206.3884992101487,1
59.82711549899628,29,35918.02365421431,237.23442031636182,0
79.0934744018558,34,53414.910736931575,217.2106109000766,0
87.9889812361925,31,85161.9439546891,154.3520947210199,1
61.37161439560341,31,52613.308885042235,252.4021681252504,1
60.54497478599228,51,60237.11316167759,201.55351553596861,0
79.533844771177,37,58698.663741765835,217.30381471741453,0
80.79572145730712,28,83523.59638379476,159.67866114584467,1
59.771399728467316,33,79355.52183292006,215.15979500234195,1
60.798131829041424,48,72112.96499728214,233.0878319822798,0
62.18215391139493,23,45401.36529941199,258.05961009795215,1
51.555494889657226,36,65387.745737881196,242.01199384385848,0
55.81348053515802,54,68519.12614612698,216.62674111838118,0
54.95859233247932,21,49520.927466059184,153.6686793995484,0
57.32202434895871,21,46942.24341228467,203.96818371492265,0
64.65315112613219,37,85575.21220810545,182.2247130436121,0
67.3421473253652,27,55487.950316746064,207.04933624448742,0
80.50500492814076,41,84224.65228366722,163.51022501614705,0
55.016459592612094,52,74956.406332418,193.69499276624296,0
74.84322398476584,43,66118.15173562983,184.48450748581794,0
62.86011155774491,54,66787.97154539227,183.5550093209226,1
64.50536290347567,55,38993.706595038486,183.85291442026536,0
71.74819492166604,38,63101.621697516246,195.92435850835267,0
53.772779784377015,57,81255.3061947244,208.58584277144067,1
68.82409746184051,56,70220.09254778414,125.04519236385647,1
66.66452208213056,38,62315.05030596616,128.7070143098641,0
69.92451264008149,27,85679.05793725545,189.83925980234375,1
67.89168643907819,55,57224.38916008794,194.06692865883156,1
89.55300139910895,21,50706.66487467474,205.67333649811823,1
58.62260015748684,37,62307.47874117386,178.16982935431326,0
59.690030449981826,34,71497.01052167395,200.28395582068046,1
58.76859473575236,24,34233.08856287609,203.79569615054166,0
59.44522880839745,21,64273.02965235626,177.96325709403587,1
58.62612872693482,46,72155.17523304465,230.40367465223304,1
76.89016531107552,31,55955.375620547085,205.30958934365182,0
79.20504247989855,20,76604.47149453963,216.4088328638987,1
59.29253706250524,41,69617.79993616605,202.0653719385156,0
56.67644426895771,54,92120.74677766615,263.1101930918516,1
69.71415556386404,33,48740.956536281774,217.89191207352962,0
59.477769557190285,21,72460.64775744134,185.36020051378324,0
71.32931817755511,41,44740.14138303893,224.62900653105203,0
67.029230208513,51,35769.503230849106,150.87185247629984,1
49.84255885002768,47,29467.037357731908,203.58800788001312,0
80.47505201330061,35,68074.8603359539,209.57480870275973,0
82.95877673095522,36,62763.71870916154,203.93062286236093,0
58.87211309515614,48,52814.234139573695,189.9866338748334,1
61.122984400640156,36,33397.434990755806,169.63179929488953,1
67.85865390724905,36,49644.200607919855,176.31958963847111,0
68.34456789987026,39,60061.39511513185,203.0622474874215,0
71.5854427267283,41,71897.54050189647,166.59442302716022,0
85.1020453876635,29,59751.96374628561,253.1050284694182,0
63.2305277250595,47,63780.90514057917,120.77306961968883,0
57.01702755461546,55,54358.014285387966,190.29686397366189,1
51.20680771985473,48,86238.36303790731,203.31168917323092,0
57.69069960058081,53,44726.25533507658,215.22262783499866,0
64.66873027126204,36,49511.42674072309,172.5222581821272,0
82.94557863517788,53,52614.6288900973,234.02884381664637,1
59.823887009638284,47,68140.56596965087,158.18506868561232,1
67.23787951638899,50,44417.10315319679,183.01614234177296,1
64.83577103927247,35,62035.77885821998,218.62242665838272,0
76.88393273448084,45,62473.65215139836,231.20565694378257,0
90.26932425873622,28,49584.6304389993,157.87996110856707,0
59.69131227079679,50,64949.69191435285,279.35110371245474,0
60.10560557481778,34,44882.79151893853,173.07525310498372,1
75.44160877069072,23,43243.8878630738,160.63452567416653,1
71.81891489626311,21,61494.08634782161,215.08144675319772,1
83.46707325736034,37,35103.66621782906,189.55119639255628,1
70.83928185325964,44,27827.95946174643,185.11843062380768,0
61.40707909212941,32,67992.499511952,217.86932172709157,1
70.9065483069231,23,75734.54913886756,154.18112928716573,0
76.08703580582907,31,52997.95321961206,148.93596800075892,0
73.20482181197364,28,49978.94021853344,182.07729904570317,1
70.07274031107298,56,75083.0283896184,232.33705218359975,0
75.66674689589154,26,42816.9267300162,183.3783411976165,0
76.69295590445672,43,39549.410629182625,247.97470053585843,0
78.82158991037527,33,70614.54635562732,236.03044283515672,1
71.48709887589642,22,60135.57279768461,208.48838553522455,1
63.328819196831454,27,75973.15108935357,210.19171578124272,0
66.46713686433323,20,27896.011818330313,208.46007875050566,1
77.06508966508358,30,38989.890133221554,204.791531860463,0
56.83064329012764,47,60214.980897662346,189.01274907565463,0
68.68673308872901,23,66265.1054772568,192.4943650037851,1
61.06661187672639,34,72704.95631534187,167.90119530222253,1
65.28744822934817,36,62622.26653213167,133.6987163212946,1
77.78451862607298,59,62469.82733037853,233.1221182784615,0
66.91099068019903,52,54158.97685454702,204.71775310355895,1
65.46436548156149,43,83863.57357356776,200.18634066865357,1
51.40143859020081,22,43454.648167942534,211.95347368573638,1
72.46253566027221,46,65385.30228833908,175.14807635619053,0
71.45484181141076,54,45182.8674811797,169.968133598467,1
86.6325472330546,37,68021.67818707514,191.4894591896554,1
61.92221765046999,38,44444.73645918351,241.0429544529144,0
67.1915032766394,27,71157.23547750687,164.9377691452062,0
67.49383683710755,22,61681.57420236776,121.18803929575502,0
80.77453279763475,53,86169.58759888023,184.3579672454374,1
64.04704467613048,23,55784.70529092621,234.2809974870555,1
67.7902152577034,43,66374.49174371318,148.02367926936938,1
71.0789650971654,21,48305.155793089354,164.59149188531384,1
66.86609123156359,56,55681.60490338058,207.90640221734506,1
60.535663854494715,56,61586.24219166529,277.09721106426,0
66.94089992898307,52,37091.701162929385,159.25364994421415,0
75.73631749859771,18,38735.64098722842,158.09197725596124,0
54.7348470058894,41,68997.88949753468,210.16095106517557,0
66.32969674146877,53,57808.69767702481,236.14023319981112,0
57.99879185060827,23,51106.10200427967,181.2770386302287,1
76.95046628924842,58,48945.20729374867,151.35817531633492,0
49.76813095216225,48,49522.66806414459,213.01247662659037,0
59.410781527284115,37,61688.26072512343,218.4452419190892,0
68.7721187506452,41,66675.53796174284,253.35965379614746,0
80.65524029234341,42,28618.391555621638,219.70841336972836,1
64.34249738927012,53,81192.51085154837,224.84198229117138,1
59.44800473306802,38,80125.5114441299,192.13564568396282,1
83.8115706944059,47,25040.17854679651,273.2451302650841,0
50.51986099583756,41,76288.90044484196,188.0557396823459,1
43.01194043379918,59,75828.28276996563,181.64233635764688,1
69.40014450053333,47,60006.68241281318,254.2854475555582,1
59.97945775647389,39,40542.47067172686,155.7728816331377,0
54.787671828692865,45,75228.42137497608,144.57774846416254,1
72.08356447299353,24,56381.53400553973,203.58670773795455,1
67.43800713771199,52,68233.18265728434,199.94790430172912,1
59.359213692632714,45,93288.01907942668,193.16336055348015,1
52.19695601329106,31,63777.55125935428,229.81789271364954,0
73.72457328280144,27,46246.72962422157,172.7538145313429,1
71.50201177958661,33,54964.03507620418,201.92501376874023,0
64.00824136220618,33,48158.31959638518,189.1968214208544,1
83.46636996047665,48,66502.34576172783,173.2634449967975,0
54.29915233673847,59,47908.986618752926,198.1447974811795,0
49.74474829075261,42,52907.228664755356,225.57787409885307,0
58.080919301187556,30,40733.54438388601,263.61704361291504,1
64.54413983644503,23,58018.694917212844,217.3825694869691,0
67.43339449322691,26,62651.32189953075,124.67494995795646,1
62.5876394214367,53,19728.179293237612,198.85579743675052,1
68.52055396514297,37,63893.60342220331,201.49408372708498,0
52.48460575809556,35,59314.49653354831,228.0862702873985,0
79.4376460407326,38,48525.12076865809,205.54430907469217,0
64.17848821607431,21,90429.4338640481,237.5926675190623,1
76.17295831588127,50,74377.14791407132,211.75011846845814,1
68.42725346377703,44,43553.96270772898,246.76394208493667,0
69.56753219153784,24,72573.5531935671,186.8376223985512,0
70.69767280232205,23,78667.47114031587,204.33030401890082,1
69.47708560017315,32,61980.313839263355,224.7992460616969,1
71.42722759867544,35,65421.63055420988,182.8341778911967,1
78.29152530132431,49,65075.20000382386,176.29961593756772,1
66.9652116970147,28,28712.76211615067,181.11943700939946,0
72.09003757588512,37,57196.95604724401,177.52353148733232,0
64.10264305712774,41,56416.30737023957,215.67685762625982,0
79.40117215449473,32,81452.33454839817,144.95575911096333,0
58.2360769794073,24,65005.9179534281,153.32089921046278,0
83.00940432910815,38,55535.835568249575,255.88239477071787,0
64.59842049355656,59,58648.12888513483,178.24709837077467,0
50.69224897881952,43,75350.78372441101,206.00044553515244,1
66.2810441491079,31,57231.230051320264,155.32560746302616,1
58.18948342525119,54,49527.06700362587,202.8237280336783,1
73.40643548988724,38,55864.467106187,178.42979996955788,1
58.47376020697609,35,74110.44215734024,153.10731505518757,0
60.538165667852205,22,67442.47358396904,240.1076131269414,1
46.10459269054469,20,60664.01960023671,235.47697181182613,0
60.47693680750923,40,62873.08949167245,196.7793562785795,1
40.76120673371044,43,51603.862896067774,229.98257098033733,0
49.16097176514277,54,57090.7589933602,257.0987806318148,1
72.60414656144297,41,50050.43517338224,222.6222779947427,0
72.85800158650832,36,55578.310735503845,214.3903921852989,0
69.25457561784965,42,80192.67395439938,205.9684908944993,1
55.33023856870787,38,43831.92282934215,219.4849209457772,0
64.5228864385802,29,49669.23500365627,189.0824181953109,1
64.96397460909432,58,41185.51705596372,191.7009239251566,1
53.416353108074574,50,37936.368642186026,213.52674125637546,1
80.0339830176715,21,57198.421287070625,185.78405389521413,1
73.77362290575671,59,50735.862272988204,189.02600981619491,1
62.79035826170336,24,86425.33396188289,200.0055999390492,0
65.26885838994531,39,55757.301807333104,234.51822651779207,1
67.08382807947552,50,79340.95295145037,166.0200873932106,1
44.58265131575709,34,74520.09712410951,222.77535508115784,1
62.52822617479403,41,56865.68767163979,223.75389238410412,0
58.180157520022014,51,91652.03373128435,223.57436027890427,1
54.983799901050844,45,64028.00979697213,175.79760859371532,1
62.18899707114045,58,82695.13899005983,149.2195515346719,1
82.97686526849523,56,80948.95337371896,216.79101417234267,0
71.4084286126701,39,66219.71977657174,205.62616353241887,0
59.28821010217203,34,71266.96271708776,230.13129904289397,0
70.72582781356158,51,69361.07122679213,178.98389515971385,1
